-- MySQL dump 10.13  Distrib 8.0.15, for Win64 (x86_64)
--
-- Host: localhost    Database: novo_projeto
-- ------------------------------------------------------
-- Server version	8.0.15

/*!40101 SET @OLD_CHARACTER_SET_CLIENT=@@CHARACTER_SET_CLIENT */;
/*!40101 SET @OLD_CHARACTER_SET_RESULTS=@@CHARACTER_SET_RESULTS */;
/*!40101 SET @OLD_COLLATION_CONNECTION=@@COLLATION_CONNECTION */;
 SET NAMES utf8 ;
/*!40103 SET @OLD_TIME_ZONE=@@TIME_ZONE */;
/*!40103 SET TIME_ZONE='+00:00' */;
/*!40014 SET @OLD_UNIQUE_CHECKS=@@UNIQUE_CHECKS, UNIQUE_CHECKS=0 */;
/*!40014 SET @OLD_FOREIGN_KEY_CHECKS=@@FOREIGN_KEY_CHECKS, FOREIGN_KEY_CHECKS=0 */;
/*!40101 SET @OLD_SQL_MODE=@@SQL_MODE, SQL_MODE='NO_AUTO_VALUE_ON_ZERO' */;
/*!40111 SET @OLD_SQL_NOTES=@@SQL_NOTES, SQL_NOTES=0 */;

--
-- Table structure for table `alunos`
--

DROP TABLE IF EXISTS `alunos`;
/*!40101 SET @saved_cs_client     = @@character_set_client */;
 SET character_set_client = utf8mb4 ;
CREATE TABLE `alunos` (
  `NOME` varchar(255) DEFAULT NULL,
  `EMAIL` varchar(255) DEFAULT NULL,
  `DATA_NASCIMENTO` date DEFAULT NULL,
  `ID` int(11) NOT NULL AUTO_INCREMENT,
  PRIMARY KEY (`ID`)
) ENGINE=InnoDB AUTO_INCREMENT=6 DEFAULT CHARSET=utf8mb4 COLLATE=utf8mb4_0900_ai_ci;
/*!40101 SET character_set_client = @saved_cs_client */;

--
-- Dumping data for table `alunos`
--

LOCK TABLES `alunos` WRITE;
/*!40000 ALTER TABLE `alunos` DISABLE KEYS */;
INSERT INTO `alunos` VALUES ('DIEGO','DIEGO@GAMIL.COM','1990-04-21',2),('JOSE','JOSE@GMAIL.COM','1960-05-22',3),('MARIA SANTOS','MARIA@GMAIL.COM','1970-10-22',4),('MARIA DE PAULA','MARIAPAULA@GMAIL.COM','1940-12-22',5);
/*!40000 ALTER TABLE `alunos` ENABLE KEYS */;
UNLOCK TABLES;

--
-- Table structure for table `alunos_cursos`
--

DROP TABLE IF EXISTS `alunos_cursos`;
/*!40101 SET @saved_cs_client     = @@character_set_client */;
 SET character_set_client = utf8mb4 ;
CREATE TABLE `alunos_cursos` (
  `ID` int(11) NOT NULL AUTO_INCREMENT,
  `ID_ALUNO` int(11) NOT NULL,
  `ID_CURSO` int(11) NOT NULL,
  PRIMARY KEY (`ID`)
) ENGINE=InnoDB AUTO_INCREMENT=15 DEFAULT CHARSET=utf8mb4 COLLATE=utf8mb4_0900_ai_ci;
/*!40101 SET character_set_client = @saved_cs_client */;

--
-- Dumping data for table `alunos_cursos`
--

LOCK TABLES `alunos_cursos` WRITE;
/*!40000 ALTER TABLE `alunos_cursos` DISABLE KEYS */;
INSERT INTO `alunos_cursos` VALUES (1,1,1),(2,1,2),(3,2,1),(4,2,1),(5,1,2),(6,1,3),(7,2,1),(8,1,2),(9,1,3),(10,3,1),(11,2,1),(12,2,2),(13,4,3),(14,3,1);
/*!40000 ALTER TABLE `alunos_cursos` ENABLE KEYS */;
UNLOCK TABLES;

--
-- Table structure for table `cursos`
--

DROP TABLE IF EXISTS `cursos`;
/*!40101 SET @saved_cs_client     = @@character_set_client */;
 SET character_set_client = utf8mb4 ;
CREATE TABLE `cursos` (
  `NOME` varchar(255) DEFAULT NULL,
  `DURACAO` varchar(20) DEFAULT NULL,
  `ID` int(11) NOT NULL AUTO_INCREMENT,
  PRIMARY KEY (`ID`)
) ENGINE=InnoDB AUTO_INCREMENT=5 DEFAULT CHARSET=utf8mb4 COLLATE=utf8mb4_0900_ai_ci;
/*!40101 SET character_set_client = @saved_cs_client */;

--
-- Dumping data for table `cursos`
--

LOCK TABLES `cursos` WRITE;
/*!40000 ALTER TABLE `cursos` DISABLE KEYS */;
INSERT INTO `cursos` VALUES ('MySQL','20',1),('MySQL','20',2),('Java','40',3),('Python','10',4);
/*!40000 ALTER TABLE `cursos` ENABLE KEYS */;
UNLOCK TABLES;
/*!40103 SET TIME_ZONE=@OLD_TIME_ZONE */;

/*!40101 SET SQL_MODE=@OLD_SQL_MODE */;
/*!40014 SET FOREIGN_KEY_CHECKS=@OLD_FOREIGN_KEY_CHECKS */;
/*!40014 SET UNIQUE_CHECKS=@OLD_UNIQUE_CHECKS */;
/*!40101 SET CHARACTER_SET_CLIENT=@OLD_CHARACTER_SET_CLIENT */;
/*!40101 SET CHARACTER_SET_RESULTS=@OLD_CHARACTER_SET_RESULTS */;
/*!40101 SET COLLATION_CONNECTION=@OLD_COLLATION_CONNECTION */;
/*!40111 SET SQL_NOTES=@OLD_SQL_NOTES */;

-- Dump completed on 2019-04-11 14:23:24
